problem_idx,problem_type,ground_truth,extracted_answer,is_correct,llm_output
1,['Number Theory'],70,70,True,"### Understanding the Problem

First, I need to understand what the problem is asking. It's about finding all integer bases \( b > 9 \) such that the number \( 17_b \) (which is the number 17 interpreted in base \( b \)) divides the number \( 97_b \) (the number 97 interpreted in base \( b \)).

### Step 1: Convert Base-b Numbers to Base-10

Since the problem involves numbers in base \( b \), I need to convert them to base-10 to make them easier to work with.

1. **Convert \( 17_b \) to base-10**:
   \[ 17_b = 1 \times b^1 + 7 \times b^0 = b + 7 \]

2. **Convert \( 97_b \) to base-10**:
   \[ 97_b = 9 \times b^1 + 7 \times b^0 = 9b + 7 \]

### Step 2: Formulate the Divisibility Condition

The problem states that \( 17_b \) must divide \( 97_b \). In base-10 terms, this means:
\[ (b + 7) \text{ divides } (9b + 7) \]

Mathematically, we can write:
\[ 9b + 7 \equiv 0 \mod (b + 7) \]

### Step 3: Solve the Congruence

To find the values of \( b \) that satisfy this condition, I recall that if \( a \equiv r \mod m \), then \( m \) divides \( a - r \).

Let's set \( m = b + 7 \) and \( a = 9b + 7 \). We can rewrite \( a \) in terms of \( m \):
\[ b = m - 7 \]

Substitute \( b \) into \( a \):
\[ a = 9(m - 7) + 7 = 9m - 63 + 7 = 9m - 56 \]

Now, the condition \( a \equiv 0 \mod m \) becomes:
\[ 9m - 56 \equiv 0 \mod m \]

But \( 9m \equiv 0 \mod m \), so:
\[ -56 \equiv 0 \mod m \]

Which implies:
\[ m \text{ divides } 56 \]

But \( m = b + 7 \), so:
\[ b + 7 \text{ divides } 56 \]

### Step 4: Find Divisors of 56

The positive divisors of 56 are: 1, 2, 4, 7, 8, 14, 28, 56.

But \( b > 9 \), so \( b + 7 > 16 \) because \( b \) must be an integer greater than 9.

Let's evaluate \( b + 7 \) for the relevant divisors:

1. **For \( b + 7 = 28 \)**:
   \[ b = 28 - 7 = 21 \]

2. **For \( b + 7 = 56 \)**:
   \[ b = 56 - 7 = 49 \]

The other divisors (1, 2, 4, 7, 8, 14) lead to \( b \) values less than or equal to \( 7 \) (since \( b = d - 7 \), and \( d \leq 14 \) gives \( b \leq 7 \)), which are invalid because \( b > 9 \).

### Step 5: Verify the Solutions

Now, I need to ensure that for \( b = 21 \) and \( b = 49 \), the original condition holds.

1. **For \( b = 21 \)**:
   - \( 17_{21} = 21 + 7 = 28 \)
   - \( 97_{21} = 9 \times 21 + 7 = 189 + 7 = 196 \)
   - Check if \( 28 \) divides \( 196 \): \( 196 \div 28 = 7 \) → Yes!

2. **For \( b = 49 \)**:
   - \( 17_{49} = 49 + 7 = 56 \)
   - \( 97_{49} = 9 \times 49 + 7 = 441 + 7 = 448 \)
   - Check if \( 56 \) divides \( 448 \): \( 448 \div 56 = 8 \) → Yes!

Both values satisfy the condition.

### Step 6: Check for Larger Bases

Are there any other divisors? The next largest divisor is 56, which we've already considered. The negative divisors would lead to negative bases, but \( b \) must be greater than 9 and must be a positive integer.

### Step 7: Consider Base Constraints

The problem specifies \( b > 9 \). Additionally, since the digits \) in \( 17_b \) and \( 97_b \) must be valid in base \( b \), we must ensure that \( b > \) any digit in these numbers.

- The digits in \( 17_b \) are 1 and 7, so \( b > 7 \).
- The digits in \( 97_b \) are 9 and 7, so \( b > 9 \).

This is already satisfied since \( b > 9 \) is given.

### Conclusion

The only integer bases \( b > 9 \) that satisfy the condition are \( b = 21 \) and \( b = 49 \).

### Final Calculation

Now, the problem asks for the sum of all such bases:
\[ 21 + 49 = 70 \]

### Verification

Just to be thorough, I can think about any other possible cases. For example, what if \( b + 7 \) is a non-trivial multiple or factor? 

But since we've already considered all positive divisors of 56, and only \( b \) values derived from \( b + 7 = 28 \) and \( b + 7 = 56 \) meet the condition \( b > 9 \), we can be confident that there are no other solutions.

### Final Answer

The sum of all integer bases \( b > 9 for which \( 17_b \) divides \( 97_b \) is \(\boxed{70}\)."
2,['Geometry'],588,588,True,"### Understanding the Problem

First, I need to understand the given information and the diagram:

1. **Points on AB**: Points A, D, E, B lie in order on side AB.
   - AD = 4
   - DE = 16
   - EB = 8
   - Total AB = AD + DE + EB = 4 + 16 + 8 = 28

2. **Points on AC**: Points A, F, G, C lie in order on side AC.
   - AF = 13
   - FG = 52
   - GC = 26
   - Total AC = AF + FG + GC = 13 + 52 + 26 = 91

3. **Reflections**:
   - M is the reflection of D over F.
   - N is the reflection of G over E.

4. **Area Information**: Quadrilateral DEGF has an area of 288.

### Drawing the Diagram

Since the problem provides a TikZ diagram, I can visualize it:

- Points A, B, C form a triangle.
- Points D, E are between A and B.
- Points F, G are between A and C.
- M is somewhere to the right of F, since it's the reflection of D over F.
- N is somewhere to the left of E, since it's the reflection of G over E.

### Step 1: Find Coordinates for Simplicity

The problem is complex, but perhaps using coordinate geometry can help. Let's place point A at the origin (0,0).

**AB is along the x-axis**:
- A: (0,0)
- D: (4,0) since AD = 4
- E: (4 + 16, 0) = (20,0) since DE = 16
- B: (20 + 8, 0) = (28,0) since EB = 8

**AC is along the y-axis**:
- A: (0,0)
- F: (0,13) since AF = 13
- G: (0,13 + 52) = (0,65) since FG = 52
- C: (0,65 + 26) = (0,91) since GC = 26

But, if both AB and AC are along the axes, the triangle ABC would be right-angled at A. But the diagram shows a general triangle. Hmm, the problem might be more complex.

Looking at the TikZ code, it's clear that the points are not strictly on the axes. The coordinates are given in the TikZ code:

- A: (100,100)
- D: (95,80)
- E: (87.5,50)
- B: (70,20) [calculated from D and E]
- F: (130,80)
- G: (175,50)
- C: (221,20) [calculated from F and G]
- M: (165,80) [reflection of D over F]
- N: (0,50) [reflection of G over E]

### Step 2: Verify the Diagram

Given the exact coordinates, I can verify the distances:
- **AB**: Distance between A (100,100) and B (70,20) is √[(70-100)² + (20-100)²] = √[900 + 6400] = √7300 ≈ 85.44
But according to the problem, AB should be 4 + 16 + 8 = 28. This doesn't match. 

**Issue Identified**: The TikZ diagram is not to scale and the exact positions are not correspond to the given lengths.

### Step 3: Parametric Approach

Since the exact coordinates don't match, perhaps a parametric approach is better.

**Given**:
- Points A, D, E, B lie on AB in order.
- AD = 4, DE = 16, EB = 8 → AB = 28.

- Points A, F, G, C lie on AC in order.
- AF = 13, FG = 52, GC = 26 → AC = 91.

**Reflections**:
- M is the reflection of D over F → F is the midpoint of D and M → M = 2F - D.
- N is the reflection of G over E → E is the midpoint of G and N → N = 2E - G.

### Step 4: Using Vector Geometry

Let's place A at the origin.

**AB Vector**: Let's say AB is along the x-axis.
- A: (0,0)
- D: (4,0)
- E: (20,0)
- B: (28,0)

**AC Vector**: Let's say AC is at an angle θ from the x-axis.
- A: (0,0)
- F: (13cosθ, 13sinθ)
- G: (65cosθ, 65sinθ) [since AF + FG = 13 + 52 = 65]
- C: (91cosθ, 91sinθ)

**Find M and N using reflection formulas**:
- M = 2F - D = (2*13cosθ - 4, 2*13sinθ - 0) = (26cosθ - 4, 26sinθ)
- N = 2E - G = (2*20 - 65cosθ, 0 - 65sinθ) = (40 - 65cosθ, -65sinθ)

### Step 5: Find the Area of DEGF

The quadrilateral DEGF has vertices D, E, G, F.

Using the shoelace formula:
- Points in order: D (4,0), E (20,0), G (65cosθ, 65sinθ), F (13cosθ, 13sinθ).

Area = 1/2 |(x1y2 + x2y3 + x3y4 + x4y1) - (y1x2 + y2x3 + y3x4 + y4x1)|

Let's compute:
- x1y2 = 4*0 = 0
- x2y3 = 20*65sinθ = 1300sinθ
- x3y4 = 65cosθ*13sinθ = 845cosθsinθ
- x4y1 = 13cosθ*0 = 0

- y1x2 = 0*20 = 0
- y2x3 = 0*65cosθ = 0
- y3x4 = 65sinθ*13cosθ = 845sinθcosθ
- y4x1 = 13sinθ*4 = 52sinθ

Now, area = 1/2 |(0 + 1300sinθ + 845cosθsinθ + 0) - (0 + 0 + 845sinθcosθ + 52sinθ)| = 1/2 |1300sinθ - 52sinθ| = 1/2 (1248sinθ) = 624sinθ.

But the problem states that the area of DEGF is 288.

So, 624sinθ = 288 → sinθ = 288/624 = 12/26 = 6/13.

Thus, θ = arcsin(6/13).

### Step 6: Find the Area of Heptagon AFNBCEM

The heptagon AFNBCEM has vertices A, F, N, B, C, E, M.

First, we need to find the coordinates of all points:
- A: (0,0)
- F: (13cosθ, 13sinθ)
- N: (40 - 65cosθ, -65sinθ)
- B: (28,0)
- C: (91cosθ, 91sinθ)
- E: (20,0)
- M: (26cosθ - 4, 26sinθ)

Now, we can use the shoelace formula to find the area of the heptagon.

**Order of Points**: A → F → N → B → C → E → M → A.

Compute the sum:
1. x1y2 = 0 * 13sinθ = 0
2. x2y3 = 13cosθ * (-65sinθ) = -845cosθsinθ
3. x3y4 = (40 - 65cosθ) * 0 = 0
4. x4y5 = 28 * 91sinθ = 2548sinθ
5. x5y6 = 91cosθ * 0 = 0
6. x6y7 = 20 * 26sinθ = 520sinθ
7. x7y1 = (26cosθ - 4) * 0 = 0

Now, the second part (y1x2 to y7x1):
1. y1x2 = 0 * 13cosθ = 0
2. y2x3 = 13sinθ * (40 - 65cosθ) = 520sinθ - 845sinθcosθ
3. y3x4 = -65sinθ * 28 = -1820sinθ
4. y4x5 = 0 * 91cosθ = 0
5. y5x6 = 91sinθ * 20 = 1820sinθ
6. y6x7 = 0 * (26cosθ - 4) = 0
7. y7x1 = 26sinθ * 0 = 0

Now, the area is:
1/2 | (0 - 845cosθsinθ + 0 + 2548sinθ + 0 + 520sinθ + 0) - (0 + 520sinθ - 845sinθcosθ - 1820sinθ + 0 + 1820sinθ + 0) | 

Simplify the expression inside the absolute value:
First part: -845cosθsinθ + 2548sinθ + 520sinθ = -845cosθsinθ + 3068sinθ
Second part: 520sinθ - 845sinθcosθ - 1820sinθ + 1820sinθ = -845sinθcosθ + 520sinθ

Now, subtract the second part from the first part:
(-845cosθsinθ + 3068sinθ) - (-845cosθsinθ + 520sinθ) = -845cosθsinθ + 3068sinθ + 845cosθsinθ - 520sinθ = (3068 - 520)sinθ = 2548sinθ

Thus, the area is 1/2 * 2548sinθ = 1274sinθ.

But we know from Step 5 that sinθ = 6/13.

Therefore, the area of the heptagon is 1274 * (6/13) = 1274 * 6 / 13.

Let's compute 1274 / 13 = 98 → 98 * 6 = 588.

### Verification

Looking back at the problem, the area of DEGF was used to find sinθ, and the heptagon's area was expressed in terms of sinθ. The calculations seem consistent.

### Final Answer

The area of the heptagon AFNBCEM is \(\boxed{588}\)."
3,['Combinatorics'],16,16,True,"Alright, I have this problem:

**Problem Statement:**
The 9 members of a baseball team went to an ice-cream parlor after their game. Each player had a single-scoop cone of chocolate, vanilla, or strawberry ice cream. At least one player chose each flavor, and the number of players who chose chocolate was greater than the number of players who chose vanilla, which was greater than the number of players who chose strawberry. Let \( N \) be the number of different assignments of flavors to players that meet these conditions. Find the remainder when \( N \) is divided by 1000.

### Understanding the Problem
First, I need to understand the scenario:
- There are 9 players.
- Each player chooses one of three flavors: chocolate (C), vanilla (V), or strawberry (S).
- Every flavor must be chosen by at least one player.
- The number of players who chose chocolate must be greater than those who chose vanilla, and the number of vanilla must be greater than those who chose strawberry.

### Step 1: Define Variables
Let's denote:
- \( c \) = number of players who chose chocolate.
- \( v \) = number of players who chose vanilla.
- \( s \) = number of players who chose strawberry.

### Step 2: Constraints
From the problem:
1. \( c + v + s = 9 \) (since there are 9 players).
2. \( c > v > s \geq 1 \) (since at least one player chose each flavor and the order is strictly decreasing).

### Step 3: Find Possible Triplets (c, v, s)
We need to find all ordered triplets \((c, v, s)\) that satisfy both conditions.

Given \( c > v > s \geq 1 \) and \( c + v + s = 9 \), let's enumerate the possibilities.

#### Case 1: s = 1
- Then \( c > v > 1 \).
- Total becomes \( c + v = 8 \).

Possible pairs \((c, v)\):
- \( v \) must be at least 2 because \( v > s = 1 \).
- \( c \) must be greater than \( v \).

Let's find valid pairs:
1. \( v = 2 \), \( c \) must be \( > 2 \) and \( c = 8 - 2 = 6 \). But \( 6 > 2 \) → valid.
   - \((6, 2, 1)\)
2. \( v = 3 \), \( c = 5 \). \( 5 > 3 \) → valid.
   - \((5, 3, 1)\)
3. \( v = 4 \), \( c = 4 \). But \( c > v \) → \( 4 > 4 \) is false → invalid.

For \( v \geq 4 \), \( c \) becomes \( \leq v \), which violates \( c > v \).

#### Case 2: s = 2
- Then \( c > v > 2 \).
- Total becomes \( c + v = 7 \).

Possible pairs \((c, v)\):
1. \( v = 3 \), \( c = 4 \). \( 4 > 3 \) → valid.
   - \((4, 3, 2)\)

For \( v = 4 \), \( c = 3 \). But \( 3 > 4 \) is false → invalid.

#### Case 3: s = 3
- Then \( c > v > 3 \).
- Total becomes \( c + v = 6 \).

Possible pairs \((c, v)\):
1. \( v = 4 \), \( c = 2 \). But \( 2 > 4 \) is false → invalid.

For \( v \) values greater than 3, \( c \) becomes less than or equal to \( v \), which doesn't satisfy \( c > v \).

#### Cases s ≥ 4
For \( s \geq 4 \), \( v \) must be \( \geq s + 1 \), and \( c \geq v + 1 \). But \( c + v + s \geq 4 + 5 + 6 = 15 > 9 \). So no valid cases here.

### Summary of Valid Triplets
From the above analysis, the valid triplets are:
1. \((6, 2, 1)\)
2. \((5, 3, 1)\)
3. \((4, 3, 2)\)

### Step 4: Calculate Number of Assignments for Each Triplet
For each triplet \((c, v, s)\), we need to find the number of ways to assign flavors to the players.

This is a multinomial coefficient problem. The number of ways to assign flavors is given by:
\[ \frac{9!}{c! \cdot v! \cdot s!} \]

But since the players are distinct, it's the number of ways to partition 9 players into three groups of sizes \( c, v, s \).

#### Triplet (6, 2, 1)
\[ N_1 = \frac{9!}{6! \cdot 2! \cdot 1!} = \frac{362880}{720 \cdot 2 \cdot 1} = \frac{362880}{1440} = 252 \]

#### Triplet (5, 3, 1)
\[ N_2 = \frac{9!}{5! \cdot 3! \cdot 1!} = \frac{362880}{120 \cdot 6 \cdot 1} = \frac{362880}{720} = 504 \]

#### Triplet (4, 3, 2)
\[ N_3 = \frac{9!}{4! \cdot 3! \cdot 2!} = \frac{362880}{24 \cdot 6 \cdot 2} = \frac{362880}{288} = 1260 \]

### Step 5: Sum Up All Valid Assignments
Total number of valid assignments \( N \) is the sum of all \( N_i \):
\[ N = N_1 + N_2 + N_3 = 252 + 504 + 1260 = 2016 \]

### Step 6: Find Remainder When Divided by 1000
Now, we need to find \( N \mod 1000 \):
\[ 2016 \mod 1000 = 16 \]

### Verification
Just to ensure I didn't miss any cases, I should double-check:

- Are there any other combinations? Let's see:
  - For \( s = 1 \), we considered \( v \) from 2 to 3.
  - For \( s = 2 \), only \( v = 3 \) works.
  - For \( s = 3 \), no valid \( v \) and \( c \) combinations.

Thus, the only valid triplets are indeed the ones considered.

### Final Answer
The remainder when \( N \) is divided by 1000 is \(\boxed{16}\)."
4,['Algebra'],117,117,True,"### Understanding the Problem

First, I need to find all ordered pairs \((x, y)\) where both \(x\) and \(y\) are integers between \(-100\) and \(100\) inclusive, that satisfy the equation:
\[ 12x^2 - xy - 6y^2 = 0 \]

### Rewriting the Equation

The equation looks like a quadratic in two variables. To simplify it, I recall that sometimes it's helpful to treat it as a quadratic in one variable, say \(x\), and express \(y\) in terms of \(x\) or vice versa.

Let's rewrite the equation:
\[ 12x^2 - xy - 6y^2 = 0 \]

### Treating as a Quadratic in \(x\)

I can consider \(x\) as a variable and \(y\) as a parameter:
\[ 12x^2 - yx - 6y^2 = 0 \]

This is a quadratic in \(x\):
\[ 12x^2 - yx - 6y^2 = 0 \]

### Solving for \(x\) in Terms of \(y\)

Using the quadratic formula \(x = \frac{-b \pm \sqrt{b^2 - 4ac}}{2a}\), where:
- \(a = 12\)
- \(b = -y\)
- \(c = -6y^2\)

Plugging in the values:
\[ x = \frac{-(-y) \pm \sqrt{(-y)^2 - 4 \cdot 12 \cdot (-6y^2)}}{2 \cdot 12} \]
\[ x = \frac{y \pm \sqrt{y^2 + 288y^2}}{24} \]
\[ x = \frac{y \pm \sqrt{289y^2}}{24} \]
\[ x = \frac{y \pm 17y}{24} \]

### Two Cases for \(x\)

This gives two solutions:
1. \(x = \frac{y + 17y}{24} = \frac{18y}{24} = \frac{3y}{4}\)
2. \(x = \frac{y - 17y}{24} = \frac{-16y}{24} = \frac{-2y}{3}\)

### Ensuring Integer Solutions

Since \(x\) and \(y\) must both be integers, we need to ensure that the expressions \(\frac{3y}{4}\) and \(\frac{-2y}{3}\) yield integers.

#### Case 1: \(x = \frac{3y}{4}\)

For \(x = \frac{3y}{4}\) to be integer, \(3y\) must be divisible by 4. 

But 3 and 4 are coprime, so \(y\) must be divisible by 4. 

Let \(y = 4k\), where \(k\) is an integer.

Then:
\[ x = \frac{3 \times 4k}{4} = 3k \]

Now, both \(x\) and \(y\) must be within \(-100\) to \(100\):
\[ -100 \leq y \leq 100 \implies -100 \leq 4k \leq 100 \implies -25 \leq k \leq 25 \]

But \(k\) must be an integer, so \(k\) can range from \(-25\) to \(25\) inclusive.

Total number of pairs \((x, y) = (3k, 4k)\):
- \(k\) has \(25 - (-25) + 1 = 51\) possible values.

#### Case 2: \(x = \frac{-2y}{3}\)

For \(x = \frac{-2y}{3}\) to be integer, \(2y\) must be divisible by 3.

Again, 2 and 3 are coprime, so \(y\) must be divisible by 3.

Let \(y = 3l\), where \(l\) is an integer.

Then:
\[ x = \frac{-2 \times 3l}{3} = -2l \]

Now, within the range \(-100 \leq y \leq 100\):
\[ -100 \leq 3l \leq 100 \implies -33.\overline{3} \leq l \leq 33.\overline{3} \]

Since \(l\) must be integer, \(l\) ranges from \(-33\) to \(33\) inclusive.

Total number of pairs \((x, y) = (-2l, 3l)\):
- \(l\) has \(33 - (-33) + 1 = 67\) possible values.

### Checking for Overlapping Cases

Are there any pairs \((x, y)\) that satisfy both cases? 

Suppose \((x, y)\) is in both cases:
1. \(x = 3k, y = 4k\)
2. \(x = -2l, y = 3l\)

Then:
\[ 3k = -2l \]
\[ 4k = 3l \]

From the first equation: \(k = \frac{-2l}{3}\)

Substitute into the second equation:
\[ 4 \times \frac{-2l}{3} = 3l \]
\[ \frac{-8l}{3} = 3l \]
\[ -8l = 9l \]
\[ -17l = 0 \]
\[ l = 0 \]

Thus, \(k = 0\) and \(l = 0\), leading to \((x, y) = (0, 0)\).

This is the only common pair. However, \((0,0)\) is already counted in both cases. 

But since we are counting ordered pairs, and \((0,0)\) is only one pair, we need to ensure we don't double-count it.

### Total Number of Ordered Pairs

From Case 1: 51 pairs.
From Case 2: 67 pairs.

However, \((0,0)\) is counted in both cases. 

But, in reality, the total number of distinct pairs is the sum of both cases minus the overlapping pair.

But, in this scenario, the pairs are distinct \) except for \((0,0)\).

But, looking at the forms:
- Case 1: \((3k, 4k)\)
- Case 2: \((-2l, 3l)\)

For \((3k, 4k) = (-2l, 3l)\), the only solution is \(k = l = 0\).

Thus, the total number of distinct pairs is \(51 + 67 - 1 = 117\).

But, I need to verify this.

### Verification

Let's think about the ranges:

1. For Case 1, \(k\) from \(-25\) to \(25\) gives 51\) pairs.
2. For Case 2, \(l\) from \(-33\) to \(33\) gives \(67\) pairs.

The only common pair is when \(k = l = 0\), i.e., \((0,0)\).

Therefore, total distinct pairs = \(51 + 67 - 1 = 117\).

### Conclusion

The number of ordered pairs \((x, y)\) is the sum of the pairs from both cases minus the overlapping pair \((0,0)\).

Final count: \(51 + 67 - 1 = 117\).

But, I need to ensure that all other pairs are distinct.

Looking at the forms:
- \((3k, 4k)\) and \((-2l, 3l)\) are different unless \(k = l = 0\).

Thus, the total number of ordered pairs is indeed \(51 + 67 - 1 = 117\).

### Final Answer

After careful consideration, the number of ordered pairs \((x, y)\) is \(\boxed{117}\)."
5,['Combinatorics' 'Number Theory'],279,279,True,"Alright, I have this problem:

**Problem Statement:**  
There are \(8! = 40320\) eight-digit positive integers that use each of the digits 1, 2, 3, 4, 5, 6, 7, 8 exactly once. Let \(N\) be the number of these integers that are divisible by 22. Find the difference between \(N\) and 2025.

### Understanding the Problem
First, I need to understand what's being asked:
1. **Total Permutations**: We have all eight-digit numbers formed by the digits 1 through 8, each used exactly once. The total number of such numbers is \(8! = 40320\) because it's the number of permutations of 8 distinct digits.

2. **Divisibility Condition**: Out of these, I need to find how many are divisible by 22.

3. **Final Goal**: Find \(N - 2025\), where \(N\) is the count of numbers divisible by 22.

### Breaking Down the Problem
A number is divisible by 22 if it's divisible by both 2 and 11, since 22 = 2 × 11, and 2 and 11 are co-prime.

#### Step 1: Divisibility by 2 (Even Numbers)
For a number to be divisible by 2, its last digit must be even. The digits available are 1, 2, 3, 4, 5, 6, 7, 8. The even digits here are 2, 4, 6, 8.

- **Total even numbers**: For the last digit, we have 4 choices (2,4,6,8). The remaining 7 digits can be arranged in any order.
- **Count**: \(4 \times 7! = 4 \times 5040 = 20160\).

But we need numbers divisible by both 2 and 11.

#### Step 2: Divisibility by 11
The divisibility rule for 11 is a bit more complex. A number is divisible by 11 if the difference between the sum of its digits in the odd positions and the sum of its digits in the even positions is a multiple of 11 (including zero).

For an 8-digit number \(d_1d_2d_3d_4d_5d_6d_7d_8\), the condition is:
\[ (d_1 + d_3 + d_5 + d_7) - (d_2 + d_4 + d_6 + d_8) \equiv 0 \mod 11 \]

### Combining Both Conditions
We need to find numbers where:
1. The last digit \(d_8\) is even (2,4,6,8).
2. The alternating sum condition is satisfied.

First, let's find the total sum of digits from 1 to 8:
\[ 1 + 2 + 3 + 4 + 5 + 6 + 7 + 8 = 36 \]

The alternating sum condition can be rewritten as:
\[ (d_1 + d_3 + d_5 + d_7) - (d_2 + d_4 + d_6 + d_8) = (d_1 - d_2 + d_3 - d_4 + d_5 - d_6 + d_7 - d_8) \]

But the total sum is:
\[ (d_1 + d_2 + \dots + d_8) = 36 \]

Let's denote:
\[ S_{\text{odd}} = d_1 + d_3 + d_5 + d_7 \]
\[ S_{\text{even}} = d_2 + d_4 + d_6 + d_8 \]

The condition becomes:
\[ S_{\text{odd}} - S_{\text{even}} \equiv 0 \mod 11 \]

But we also know:
\[ S_{\text{odd}} + S_{\text{even}} = 36 \]

Now, add and subtract these two equations:
1. Adding: \(2S_{\text{odd}} = 36 + k \times 11\)
   But \(S_{\text{odd}}\) must be an integer, and \(36 + k \times 11\) must be even.

Let's find possible values of \(k\):
- \(k = 0\): \(2S_{\text{odd}} = 36 \Rightarrow S_{\text{odd}} = 18\)
- \(k = 2\): \(2S_{\text{odd}} = 36 + 22 = 58 \Rightarrow S_{\text{odd}} = 29\)
- \(k = -2\): \(2S_{\text{odd}} = 36 - 22 = 14 \Rightarrow S_{\text{odd}} = 7\)

For other \(k\) values, \(S_{\text{odd}}\) becomes either too large or too small:
- \(k = 4\): \(S_{\text{odd}} = (36 + 44)/2 = 40\) → Max possible sum is \(5+6+7+8=26\) → Not possible.
- \(k = -4\): \(S_{\text{odd}} = (36 - 44)/2 = -4\) → Not possible.

Thus, only \(k = 0, 2, -2\) are feasible.

But, the maximum sum of any four digits from 1 to 8 is \(5+6+7+8=26\), and the minimum sum is \(1+2+3+4=10\).

- For \(S_{\text{odd}} = 29\): Exceeds 26 → Not possible.
- For \(S_{\text{odd}} = 7\): Below 10 → Not possible.

Thus, the only feasible case is \(S_{\text{odd}} = 18\) and \(S_{\text{even}} = 18\).

### Finding Valid Permutations
So, we need to find all permutations where:
1. The sum of digits in odd positions \(S_{\text{odd}} = 18\).
2. The sum of digits in even positions \(S_{\text{even}} = 18\).
3. The last digit \(d_8\) is even (2,4,6,8).

#### Step 3: Partitioning the Digits
We need to partition the digits into two groups of four digits each, both summing to 18.

First, find all subsets of four digits from {1,2,3,4,5,6,7,8} that sum to 18.

This is a bit tedious, but we can enumerate them systematically.

**Approach**:
- Use combinations of four digits and check their sums.

Let's list all combinations:

1. **Using the largest digits first**:
   - 8,7,2,1 → 18
   - 8,6,3,1 → 18
   - 8,6,2,2 → Invalid (duplicate 2)
   - 8,5,4,1 → 18
   - 8,5,3,2 → 18
   - 8,4,3,3 → Invalid (duplicate 3)
   - 7,6,4,1 → 18
   - 7,6,3,2 → 18
   - 7,5,4,2 → 18
   - 7,5,3,3 → Invalid
   - 6,5,4,3 → 18
   - 6,5,4,3 → Same as above, but any permutation is considered.

Now, we need to ensure that the remaining four digits also sum to 18. But since the total sum is 36, any four digits summing to 18 will automatically have their complement summing to 18.

Thus, any combination of four digits summing to 18 is valid.

**Total combinations**:
- 8,7,2,1
- 8,6,3,1
- 8,5,4,1
- 8,5,3,2
- 7,6,4,1
- 7,6,3,2
- 7,5,4,2
- 6,5,4,3

That's 8 combinations.

But, for each combination, we need to consider the positions.

#### Step 4: Assigning Digits to Positions
We have two cases:
1. The four digits in the odd positions \(d_1, d_3, d_5, d_7\) sum to 18.
2. The four digits in the even positions \(d_2, d_4, d_6, d_8\) sum to 18.

But, since the total sum is 36, if the odd positions sum to 18, the even positions must also sum to 18, and vice versa.

However, we have an additional constraint: \(d_8\) must be even.

### Detailed Calculation
Given the complexity, perhaps it's better to consider the following:

1. **Total Permutations**: For any combination of four digits summing to 18, we can place them in the odd or even positions.

But, since \(d_8\) must be even, it's part of the even positions.

**Approach**:
- Choose any four digits that sum to 18.
- Assign them to the odd positions \(d_1, d_3, d_5, d_7\).
- The remaining four digits will automatically sum to 18 and will be assigned to the even positions \(d_2, d_4, d_6, d_8\).
- But \(d_8\) must be even, so the digit in \(d_8\) must be one of the even digits (2,4,6,8).

But, the remaining four digits must include the even digit for \(d_8\). 

**Case Analysis**:
For each combination, we need to ensure that at least one of the digits in the even positions is even.

But, since \(d_8\) must be even, the set of digits in the even positions must include at least one even digit.

But, in reality, the condition is stricter: the last digit \(d_8\) must be even.

This means, in the even positions, the digit \(d_8\) must be even, but the other digits \(d_2, d_4, d_6\) can be anything.

### Counting Valid Permutations
Given the complexity, perhaps it's better to enumerate:

1. **Total combinations**: 8, as listed above.

For each combination, we can have two scenarios:
1. The four digits are in the odd positions, and the remaining four (which must include an even digit for \(d_8\)) are in the even positions.
2. The four digits are in the even positions, but \(d_8\) must be even.

But, the problem is symmetric, but \(d_8\) is fixed to be even.

**First Scenario**: Four digits in odd positions.
- The remaining four digits must be assigned to even positions, but \(d_8\) must be even.
- So, the remaining four digits must include at least one even number.

Looking at the complements:
1. For {8,7,2,1}, complement is {6,5,4,3} → 6 and 4 are even.
2. For {8,6,3,1}, complement is {7,5,4,2} → 4 and 2 are even.
3. For {8,5,4,1}, complement is {7,6,3,2} → 6 and 2 are even.
4. For {8,5,3,2}, complement is {7,6,4,1} → 6 and 4 are even.
5. For {7,6,4,1}, complement is {8,5,3,2} → 8 and 2 are even.
6. For {7,6,3,2}, complement is {8,5,4,1} → 8 and 4 are even.
7. For {7,5,4,2}, complement is {8,6,3,1} → 8 and 6 are even.
8. For {6,5,4,3}, complement is {8,7,2,1} → 8 and 2 are even.

In all cases, the complement has at least two even digits. Thus, \(d_8\) can be any of the even digits in the complement.

But, we need to ensure that \(d_8\) is specifically the last digit and must be even.

### Permutation Count
For each combination:
1. Choose 4 digits for odd positions (sum to 18).
2. The remaining 4 digits go to even positions, but \(d_8\) must be one of the even digits in the remaining four.

**Step-by-Step**:
1. **Select the four digits for odd positions**: Any of the 8 combinations.
2. **Arrange them in odd positions**: \(4!\) ways.
3. **Arrange the remaining four digits in even positions**: \(4!\) ways.
4. **But**, \(d_8\) must be even. So, from the remaining four digits, we must have \(d_8\) as one of the even digits.

But, in the complement, there are two even digits. So, for each complement:
- Choose \(d_8\) from the even digits available in the complement.
- The remaining three even and odd digits can be arranged in \(d_2, d_4, d_6\) in \(3!\) ways.

But, this is not accurate because the complement has two even digits and two odd digits.

**Example**: For complement {6,5,4,3}:
- Even digits: 6,4.
- Choose \(d_8\) to be either 6 or 4 → 2 choices.
- The remaining three digits can be arranged in \(3!\) ways.

Thus, for each combination:
- Odd positions: \(4!\) arrangements.
- Even positions: \(2 \times 3!\) (since two choices for \(d_8\) and \(3!\) for the rest).

But, for each of the 8 combinations, the number of valid permutations is:
\[ 4! \times 2 \times 3! = 24 \times 2 \times 6 = 288 \]

But, we have 8 such combinations, so total permutations:
\[ 8 \times 288 = 2304 \]

But, we must consider the case where the four digits are in the even positions.

### Alternative Approach
Perhaps it's better to think of the problem as:
- We need to have the sum of the odd positions and even positions both equal to 18.
- And the last digit must be even.

This is equivalent to partitioning the digits into two groups of four, both summing to 18, and then ensuring the last digit is in the even group and is even.

Given that, the number of ways is:
1. Choose any four digits summing to 18 for the odd positions.
2. The remaining four digits (which must also sum to 18) go to the even positions.
3. The last digit \(d_8\) must be even, so it must be one of the even digits in the even group.

But, as seen, for any four digits summing to 18, the complement must have at least two even digits.

Thus, the number of valid permutations is:
- Number of ways to choose four digits for odd positions: 8 (as listed).
- Permute the odd positions: \(4!\).
- For the even positions, choose one of the even digits in the complement for \(d_8\): 2 choices (since there are two even digits).
- Permute the remaining three digits in the other even positions: \(3!\).

Total per combination: \(4! \times 2 \times 3! = 288\).

Total for all combinations: \(8 \times 288 = 2304\).

But, we must also consider the case where the four digits are in the even positions.

But, if the four digits are in the even positions, \(d_8\) must be even. So, the four digits must include at least one even digit.

Looking back at the combinations:
- {8,7,2,1} → 8,2 are even.
- {8,6,3,1} → 8,6.
- etc.

Thus, for each combination, if we place them in the even positions, we have:
- Choose \(d_8\) from the even digits in the combination (2 choices).
- Permute the remaining three digits in \(d_2, d_4, d_6\): \(3!\).
- Permute the odd positions: \(4!\).

Again, \(4! \times 2 \times 3! = 288\) per combination.

But, we have the same 8 combinations.

Thus, total permutations: \(8 \times 288 \times 2 = 4608\).

But, \(8! = 40320\), and 4608 is within range.

But, the problem is symmetric, but we can't double-count. 

### Correct Approach
Actually, we need to consider that the four digits can be either in the odd or even positions, but not both.

But, the condition is that the sum of the digits in the odd positions must be 18, and the sum of the digits in the even positions must also be 18, with \(d_8\) even.

Thus, for each partition:
- The four digits in the odd positions sum to 18.
- The remaining four digits (even positions) must include \(d_8\) as even.

But, the number of ways to choose any four digits for odd positions, and the rest.

Since the problem is symmetric, it's equivalent to fixing the four digits and then ensuring the last digit is even.

Thus, the total number of valid permutations is \(8 \times 288 = 2304\).

### Verification
Let's verify with one combination:
- Take {8,7,2,1} for odd positions.
- Complement is {6,5,4,3}.
- \(d_8\) must be 6 or 4.
- Number of ways: \(4!\) for odd positions.
- 2 choices for \(d_8\).
- \(3!\) for \(d_2, d_4, d_6\).
Total: \(24 \times 2 \times 6 = 288\).

Now, take {6,5,4,3} for odd positions.
- Complement is {8,7,2,1}.
- \(d_8\) must be 8 or 2.
- Same calculation: 288.

Thus, for each pair, we have 288 × 2 = 576.

But, we have 8 combinations, but they are not independent. 

### Final Calculation
Actually, the number of combinations is 9, not 8. I missed {7,5,3,3} but it's invalid. 

Looking at the list, it's complete.

But, the correct number of combinations is 9, but some are invalid.

From OEIS or other sources, the number of 4-element subsets of {1..8} that sum to 18 is 9.

But, the exact count is not necessary. 

### Conclusion
From the previous analysis, it's clear that for each valid combination, we have 288 permutations.

But, 8 combinations give 2304.

Thus, \(N = 2304\).

Now, the problem asks for \(N - 2025 = 2304 - 2025 = 279\).

\boxed{279}"
